{
	"dataProviders": [
		{
			"name": "Oracle JDBC Driver",
			"type": "Oracle",
			"classpath": "/WebSphere/OraInstantClient32.11.2/ojdbc6.jar",
			"classname": "oracle.jdbc.pool.OracleConnectionPoolDataSource",
			"datasources": [
				{
					"name": "Postal Code Data Source",
					"jndi": "jdbc/PCLookup",
					"url": "@DataSourceURL@",
					"alias": "cpostDBAlias"
				},
				{
					"name": "Another Data Source",
					"jndi": "jdbc/Another",
					"url": "@DataSourceURL@",
					"alias": "anotherDBAlias"
				}
			]
		},
		{
			"name": "DB2 JDBC Driver",
			"type": "DB2",
			"classpath": "db2.jar",
			"classname": "db2.SampleClass",
			"datasources": [
				{
					"name": "Sample DB2 Data Source",
					"jndi": "jdbc/DB2Sample",
					"url": "@DataSourceURL@",
					"alias": "sampleDB2DBAlias"
				}
			]
		}
	],
	"aliases": [
		{
			"name": "cpostDBAlias",
			"username": "cpost",
			"password": "@AliasPassword@"
		}
	]
}