<?xml version="1.0" encoding="UTF-8"?>
<plugin-upgrade
        xmlns="http://www.urbancode.com/UpgradeXMLSchema_v1"
        xmlns:xsi="http://www.w3.org/2001/XMLSchema-instance">
        
  <migrate to-version="10">
    <migrate-command name="Create App"/>
  </migrate>
        
  <migrate to-version="11">
    <migrate-command name="Create App"/>
    <migrate-command name="Get App List"/>
  </migrate>
        
  <migrate to-version="12">
    <migrate-command name="Create App"/>
    <migrate-command name="Get App List"/>
  </migrate>
        
  <migrate to-version="13">
    <migrate-command name="Delete App"/>
    <migrate-command name="Create App"/>
    <migrate-command name="Get App List"/>
  </migrate>
        
  <migrate to-version="14">
    <migrate-command name="Get App ID"/>
    <migrate-command name="Delete App"/>
    <migrate-command name="Create App"/>
    <migrate-command name="Get App List"/>
  </migrate>
        
  <migrate to-version="15">
    <migrate-command name="Upload File"/>
    <migrate-command name="Get App ID"/>
    <migrate-command name="Delete App"/>
    <migrate-command name="Create App"/>
    <migrate-command name="Get App List"/>
  </migrate>
        
  <migrate to-version="16">
    <migrate-command name="Begin PreScan"/>
    <migrate-command name="Upload File"/>
    <migrate-command name="Get App ID"/>
    <migrate-command name="Delete App"/>
    <migrate-command name="Create App"/>
    <migrate-command name="Get App List"/>
  </migrate>
        
  <migrate to-version="17">
    <migrate-command name="Get PreScan Results"/>
    <migrate-command name="Begin PreScan"/>
    <migrate-command name="Upload File"/>
    <migrate-command name="Get App ID"/>
    <migrate-command name="Delete App"/>
    <migrate-command name="Create App"/>
    <migrate-command name="Get App List"/>
  </migrate>
        
  <migrate to-version="18">
    <migrate-command name="Is PreScan Complete"/>
    <migrate-command name="Get PreScan Results"/>
    <migrate-command name="Begin PreScan"/>
    <migrate-command name="Upload File"/>
    <migrate-command name="Get App ID"/>
    <migrate-command name="Delete App"/>
    <migrate-command name="Create App"/>
    <migrate-command name="Get App List"/>
  </migrate>
        
  <migrate to-version="19">
    <migrate-command name="Begin Scan"/>
    <migrate-command name="Is PreScan Complete"/>
    <migrate-command name="Get PreScan Results"/>
    <migrate-command name="Begin PreScan"/>
    <migrate-command name="Upload File"/>
    <migrate-command name="Get App ID"/>
    <migrate-command name="Delete App"/>
    <migrate-command name="Create App"/>
    <migrate-command name="Get App List"/>
  </migrate>
        
  <migrate to-version="20">
    <migrate-command name="Begin Scan"/>
    <migrate-command name="Is PreScan Complete"/>
    <migrate-command name="Get PreScan Results"/>
    <migrate-command name="Begin PreScan"/>
    <migrate-command name="Upload File"/>
    <migrate-command name="Get App ID"/>
    <migrate-command name="Delete App"/>
    <migrate-command name="Create App"/>
    <migrate-command name="Get App List"/>
  </migrate>
        
  <migrate to-version="21">
    <migrate-command name="Get Scan Results"/>
    <migrate-command name="Begin Scan"/>
    <migrate-command name="Is PreScan Complete"/>
    <migrate-command name="Get PreScan Results"/>
    <migrate-command name="Begin PreScan"/>
    <migrate-command name="Upload File"/>
    <migrate-command name="Get App ID"/>
    <migrate-command name="Delete App"/>
    <migrate-command name="Create App"/>
    <migrate-command name="Get App List"/>
  </migrate>
        
  <migrate to-version="22">
    <migrate-command name="Is Scan Complete"/>
    <migrate-command name="Get Scan Results"/>
    <migrate-command name="Begin Scan"/>
    <migrate-command name="Is PreScan Complete"/>
    <migrate-command name="Get PreScan Results"/>
    <migrate-command name="Begin PreScan"/>
    <migrate-command name="Upload File"/>
    <migrate-command name="Get App ID"/>
    <migrate-command name="Delete App"/>
    <migrate-command name="Create App"/>
    <migrate-command name="Get App List"/>
  </migrate>
        
  <migrate to-version="23">
    <migrate-command name="Is Scan Complete"/>
    <migrate-command name="Get Scan Results"/>
    <migrate-command name="Begin Scan"/>
    <migrate-command name="Is PreScan Complete"/>
    <migrate-command name="Get PreScan Results"/>
    <migrate-command name="Begin PreScan"/>
    <migrate-command name="Upload File"/>
    <migrate-command name="Get App ID"/>
    <migrate-command name="Delete App"/>
    <migrate-command name="Create App"/>
    <migrate-command name="Get App List"/>
  </migrate>
        
  <migrate to-version="24">
    <migrate-command name="Did the scan pass"/>
    <migrate-command name="Is Scan Complete"/>
    <migrate-command name="Get Scan Results"/>
    <migrate-command name="Begin Scan"/>
    <migrate-command name="Is PreScan Complete"/>
    <migrate-command name="Get PreScan Results"/>
    <migrate-command name="Begin PreScan"/>
    <migrate-command name="Upload File"/>
    <migrate-command name="Get App ID"/>
    <migrate-command name="Delete App"/>
    <migrate-command name="Create App"/>
    <migrate-command name="Get App List"/>
  </migrate>
        
  <migrate to-version="25">
    <migrate-command name="Did the scan pass"/>
    <migrate-command name="Is Scan Complete"/>
    <migrate-command name="Get Scan Results"/>
    <migrate-command name="Begin Scan"/>
    <migrate-command name="Is PreScan Complete"/>
    <migrate-command name="Get PreScan Results"/>
    <migrate-command name="Begin PreScan"/>
    <migrate-command name="Upload File"/>
    <migrate-command name="Get App ID"/>
    <migrate-command name="Delete App"/>
    <migrate-command name="Create App"/>
    <migrate-command name="Get App List"/>
  </migrate>
        
  <migrate to-version="26">
    <migrate-command name="Upload Files"/>
    <migrate-command name="Did the scan pass"/>
    <migrate-command name="Is Scan Complete"/>
    <migrate-command name="Get Scan Results"/>
    <migrate-command name="Begin Scan"/>
    <migrate-command name="Is PreScan Complete"/>
    <migrate-command name="Get PreScan Results"/>
    <migrate-command name="Begin PreScan"/>
    <migrate-command name="Upload File"/>
    <migrate-command name="Get App ID"/>
    <migrate-command name="Delete App"/>
    <migrate-command name="Create App"/>
    <migrate-command name="Get App List"/>
  </migrate>
        
  <migrate to-version="27">
    <migrate-command name="Upload Files"/>
    <migrate-command name="Did the scan pass"/>
    <migrate-command name="Is Scan Complete"/>
    <migrate-command name="Get Scan Results"/>
    <migrate-command name="Begin Scan"/>
    <migrate-command name="Is PreScan Complete"/>
    <migrate-command name="Get PreScan Results"/>
    <migrate-command name="Begin PreScan"/>
    <migrate-command name="Upload File"/>
    <migrate-command name="Get App ID"/>
    <migrate-command name="Delete App"/>
    <migrate-command name="Create App"/>
    <migrate-command name="Get App List"/>
  </migrate>
        
  <migrate to-version="28">
    <migrate-command name="Upload File and Scan"/>
    <migrate-command name="Upload Files"/>
    <migrate-command name="Did the scan pass"/>
    <migrate-command name="Is Scan Complete"/>
    <migrate-command name="Get Scan Results"/>
    <migrate-command name="Begin Scan"/>
    <migrate-command name="Is PreScan Complete"/>
    <migrate-command name="Get PreScan Results"/>
    <migrate-command name="Begin PreScan"/>
    <migrate-command name="Upload File"/>
    <migrate-command name="Get App ID"/>
    <migrate-command name="Delete App"/>
    <migrate-command name="Create App"/>
    <migrate-command name="Get App List"/>
  </migrate>
        
  <migrate to-version="29">
    <migrate-command name="Upload File and Scan"/>
    <migrate-command name="Upload Files"/>
    <migrate-command name="Did the scan pass"/>
    <migrate-command name="Is Scan Complete"/>
    <migrate-command name="Get Scan Results"/>
    <migrate-command name="Begin Scan"/>
    <migrate-command name="Is PreScan Complete"/>
    <migrate-command name="Get PreScan Results"/>
    <migrate-command name="Begin PreScan"/>
    <migrate-command name="Upload File"/>
    <migrate-command name="Get App ID"/>
    <migrate-command name="Delete App"/>
    <migrate-command name="Create App"/>
    <migrate-command name="Get App List"/>
  </migrate>
        
  <migrate to-version="30">
    <migrate-command name="Upload File and Scan">
		<migrate-properties>
			<migrate-property name="start_new_build" default="true"/>
		</migrate-properties>
    </migrate-command>
    <migrate-command name="Upload Files">
		<migrate-properties>
			<migrate-property name="start_new_build" default="true"/>
		</migrate-properties>
    </migrate-command>
    <migrate-command name="Upload File">
		<migrate-properties>
			<migrate-property name="start_new_build" default="true"/>
		</migrate-properties>
    </migrate-command>
  </migrate>
  
</plugin-upgrade>
